Name,URL
Bon Appetit,https://www.youtube.com/user/BonAppetitDotCom
Epicurious,https://www.youtube.com/user/epicuriousdotcom
ChefSteps,https://www.youtube.com/user/chefsteps
Tasetmade,https://www.youtube.com/user/tastemade
You Suck at Cooking,https://www.youtube.com/channel/UCekQr9znsk2vWxBo3YiLq2w
Feeling Peckish,https://www.youtube.com/user/julienolke
Sorted Food,https://www.youtube.com/user/sortedfood
Cooking With Dog,https://www.youtube.com/user/cookingwithdog
Just Eat Life,https://www.youtube.com/user/JustEatLifeTV
Brother Green Eats,https://www.youtube.com/user/BrothersGreenEats
Binging With Babish,https://www.youtube.com/channel/UCJHA_jMfCvEnv-3kRjTCQXw
The Simple Cooking Channel,https://www.youtube.com/channel/UCsWpnu6EwIYDvlHoOESpwYg
Epic Meal Time,https://www.youtube.com/channel/UCYjk_zY-iYR8YNfJmuzd70A
